{
    "rank": [
        2.53,
        2.677,
        6.564,
        1.6989999999999998,
        6.703,
        1.404,
        6.925000000000001,
        6.621,
        -1.1579999999999995,
        3.4050000000000002,
        1.457,
        0.22999999999999998,
        -1.2439999999999998,
        4.184,
        0.29300000000000037,
        1.9100000000000001,
        -3.2010000000000005,
        1.771,
        0.07699999999999996,
        1.162,
        1.5590000000000002,
        6.868,
        1.4859999999999998,
        4.102,
        6.7860000000000005,
        2.683,
        6.0360000000000005,
        0.881,
        -1.3969999999999998,
        5.308,
        7.007000000000001,
        1.244,
        0.5859999999999999,
        -1.0759999999999996,
        5.785,
        1.0210000000000004,
        1.712,
        5.0569999999999995,
        1.8530000000000002,
        6.482,
        -0.7480000000000001,
        0.09099999999999997,
        0.6679999999999999,
        4.2410000000000005,
        1.992,
        -2.865000000000001,
        4.323,
        -0.8629999999999997
    ],
    "kim": [
        -0.27799999999999986,
        1.291,
        0.8999999999999999,
        -1.292,
        -0.31499999999999995,
        -0.9480000000000002,
        -1.8370000000000002,
        -0.33599999999999997,
        -0.917,
        1.3189999999999997,
        -1.647,
        0.428,
        -1.2750000000000001,
        1.076,
        0.05500000000000005,
        -1.6909999999999998,
        -0.49599999999999994,
        -0.476,
        -0.16299999999999987,
        -1.3030000000000002,
        -2.385,
        -0.6010000000000001,
        -0.927,
        1.0550000000000002,
        -0.6220000000000001,
        0.313,
        -0.06300000000000006,
        -1.304,
        -1.866,
        -0.09099999999999997,
        -1.8160000000000003,
        -1.282,
        -0.96,
        -0.8959999999999999,
        1.1429999999999996,
        0.08300000000000007,
        -1.7939999999999998,
        1.1149999999999998,
        -0.45499999999999996,
        0.879,
        -0.611,
        -1.6209999999999996,
        -0.9390000000000001,
        -0.15999999999999992,
        -1.67,
        -1.1019999999999999,
        -0.1389999999999999,
        -1.261
    ]
}