{
    "rec_vl": [
        -1.671,
        0.30600000000000005,
        -3.2960000000000003,
        -0.8839999999999999,
        -0.2519999999999998,
        -2.681,
        0.18399999999999994,
        -2.8160000000000003,
        -2.6470000000000002,
        -0.7619999999999999,
        -1.277,
        0.8079999999999998,
        -1.8760000000000001,
        -0.873,
        0.6970000000000001,
        0.3169999999999997,
        -3.6590000000000003,
        -1.2439999999999998,
        -1.839,
        -1.539,
        0.819,
        -0.345,
        -1.797,
        -1.661,
        0.19499999999999984,
        -0.846,
        -2.4530000000000003,
        -0.833,
        -1.8110000000000002,
        -1.6749999999999998,
        -2.7790000000000004,
        -0.13600000000000012,
        -1.7930000000000001,
        0.14000000000000012,
        -0.751,
        -0.2889999999999999,
        -0.771,
        -0.808,
        0.262,
        -1.884,
        -1.521,
        0.6859999999999999,
        -2.318,
        -0.8089999999999999,
        -0.258,
        -2.783,
        0.25100000000000033,
        0.12900000000000023
    ],
    "kim": [
        -0.96,
        -1.8370000000000002,
        -1.2750000000000001,
        -1.67,
        1.291,
        -2.385,
        -1.8160000000000003,
        -0.16299999999999987,
        -1.292,
        -1.6909999999999998,
        -0.49599999999999994,
        -0.15999999999999992,
        0.08300000000000007,
        -0.45499999999999996,
        1.076,
        -0.6220000000000001,
        -1.866,
        -1.647,
        0.05500000000000005,
        -0.9480000000000002,
        1.0550000000000002,
        -0.611,
        -0.8959999999999999,
        -0.927,
        -0.6010000000000001,
        1.1429999999999996,
        0.428,
        -1.6209999999999996,
        -1.1019999999999999,
        -0.917,
        -1.304,
        -1.3030000000000002,
        -0.9390000000000001,
        0.8999999999999999,
        -0.476,
        1.3189999999999997,
        -0.09099999999999997,
        -0.06300000000000006,
        0.879,
        -0.27799999999999986,
        0.313,
        -0.1389999999999999,
        -1.7939999999999998,
        1.1149999999999998,
        -1.282,
        -1.261,
        -0.33599999999999997,
        -0.31499999999999995
    ]
}